id;name;surname;birth;email
1;maria;alves;1953-12-16;maria.alves@empresa.com.br
2;jose;rodrigues;1966-08-03;jose.rodrigues@empresa.com.br
3;joao;silva;1966-11-18;joao.silva@empresa.com.br
4;carlos;oliveira;1944-07-13;carlos.oliveira@empresa.com.br
5;alfredo;santos;1986-09-20;alfredo.santos@empresa.com.br
6;pedro;sanches;1991-06-01;pedro.sanches@empresa.com.br
7;ana;duarte;1977-01-10;ana.duarte@empresa.com.br
8;paula;almeida;1952-07-14;paula.almeida@empresa.com.br
9;fernanda;lafaiete;1971-03-26;fernanda.lafaiete@empresa.com.br
10;claudio;castro;1979-08-29;claudio.castro@empresa.com.br
11;kleiton;barbosa;1983-03-24;kleiton.barbosa@empresa.com.br
12;bruna;marquezine;2016-10-08;bruna.marquezine@empresa.com.br
13;catarina;alcantara;1993-02-11;catarina.alcantara@empresa.com.br
14;roberto;malacintra;2016-12-01;roberto.malacintra@empresa.com.br
15;guilherme;possidonio;1990-10-19;guilherme.possidonio@empresa.com.br
16;toledo;kent;1957-03-11;toledo.kent@empresa.com.br
17;patricia;maia;2018-02-11;patricia.maia@empresa.com.br
18;tereza;calcuta;1980-11-28;tereza.calcuta@empresa.com.br
19;jonas;donizette;1943-06-26;jonas.donizette@empresa.com.br
20;cristiane;torlone;2008-03-03;cristiane.torlone@empresa.com.br
